{"final": {"metric": {"linear": {"VAE": 0.8143712574850299, "PCA": 0.7584830339321357, "ICA": 0.21956087824351297}}}, "_runtime": 457, "_timestamp": 1617632168, "_step": 0}