{"final": {"metric": {"linear": {"VAE": 0.7345309381237525, "PCA": 0.7045908183632734, "ICA": 0.49500998003992014}}}, "_runtime": 459, "_timestamp": 1617629265, "_step": 0}