{"final": {"metric": {"linear": {"VAE": 0.780439121756487, "PCA": 0.7365269461077845, "ICA": 0.2774451097804391}}}, "_runtime": 124, "_timestamp": 1617620246, "_step": 0}