{"final": {"metric": {"linear": {"VAE": 0.874251497005988, "PCA": 0.7964071856287425, "ICA": 0.21956087824351297}}}, "_runtime": 462, "_timestamp": 1617631697, "_step": 0}