{"final": {"metric": {"linear": {"VAE": 0.7345309381237525, "PCA": 0.7045908183632734, "ICA": 0.49500998003992014}}}, "_runtime": 476, "_timestamp": 1617623505, "_step": 0}