{"final": {"metric": {"linear": {"VAE": 0.8622754491017964, "PCA": 0.7604790419161677, "ICA": 0.21756487025948104}}}, "_runtime": 459, "_timestamp": 1617628782, "_step": 0}