{"final": {"metric": {"linear": {"VAE": 0.9041916167664671, "PCA": 0.936127744510978, "ICA": 0.38922155688622756}}}, "_runtime": 463, "_timestamp": 1617620824, "_step": 0}