{"final": {"metric": {"linear": {"VAE": 0.6826347305389222, "PCA": 0.7584830339321357, "ICA": 0.21956087824351297}}}, "_runtime": 462, "_timestamp": 1617630230, "_step": 0}