{"final": {"metric": {"linear": {"VAE": 0.5608782435129741, "PCA": 0.7964071856287425, "ICA": 0.21956087824351297}}}, "_runtime": 460, "_timestamp": 1617627834, "_step": 0}