{"final": {"metric": {"linear": {"VAE": 0.6786427145708582, "PCA": 0.7584830339321357, "ICA": 0.21956087824351297}}}, "_runtime": 455, "_timestamp": 1617628313, "_step": 0}