{"final": {"metric": {"linear": {"VAE": 0.8522954091816367, "PCA": 0.7604790419161677, "ICA": 0.21756487025948104}}}, "_runtime": 462, "_timestamp": 1617630705, "_step": 0}