{"final": {"metric": {"linear": {"VAE": 0.8023952095808383, "PCA": 0.7964071856287425, "ICA": 0.21956087824351297}}}, "_runtime": 461, "_timestamp": 1617629755, "_step": 0}