{"final": {"metric": {"linear": {"VAE": 0.9580838323353293, "PCA": 0.908183632734531, "ICA": 0.47105788423153694}}}, "_runtime": 454, "_timestamp": 1617621761, "_step": 0}