{"final": {"metric": {"linear": {"VAE": 0.8782435129740519, "PCA": 0.7604790419161677, "ICA": 0.21756487025948104}}}, "_runtime": 456, "_timestamp": 1617626894, "_step": 0}