{"final": {"metric": {"linear": {"VAE": 0.8483033932135728, "PCA": 0.7045908183632734, "ICA": 0.49500998003992014}}}, "_runtime": 462, "_timestamp": 1617633112, "_step": 0}