{"final": {"metric": {"linear": {"VAE": 0.6686626746506986, "PCA": 0.7045908183632734, "ICA": 0.49500998003992014}}}, "_runtime": 475, "_timestamp": 1617625440, "_step": 0}